{
  "algo": "qlearning",
  "maze": "fixture_5x5_corridor",
  "selected": {
    "run_id": "20260514-175443-seed0",
    "run_dir": "data/training/qlearning/fixture_5x5_corridor/20260514-175443-seed0",
    "policy_path": "data/training/qlearning/fixture_5x5_corridor/20260514-175443-seed0/policy.npz",
    "seed": 0,
    "eval": {
      "mean_return": 1.4910000000000003,
      "std_return": 5.825093904822479,
      "mean_steps": 7.045,
      "success_rate": 1.0,
      "n_episodes": 200,
      "eval_seed": 20260512,
      "slip_prob": 0.1
    }
  },
  "all": [
    {
      "run_id": "20260514-175443-seed0",
      "run_dir": "data/training/qlearning/fixture_5x5_corridor/20260514-175443-seed0",
      "policy_path": "data/training/qlearning/fixture_5x5_corridor/20260514-175443-seed0/policy.npz",
      "seed": 0,
      "eval": {
        "mean_return": 1.4910000000000003,
        "std_return": 5.825093904822479,
        "mean_steps": 7.045,
        "success_rate": 1.0,
        "n_episodes": 200,
        "eval_seed": 20260512,
        "slip_prob": 0.1
      }
    },
    {
      "run_id": "20260514-175447-seed1",
      "run_dir": "data/training/qlearning/fixture_5x5_corridor/20260514-175447-seed1",
      "policy_path": "data/training/qlearning/fixture_5x5_corridor/20260514-175447-seed1/policy.npz",
      "seed": 1,
      "eval": {
        "mean_return": 1.4910000000000003,
        "std_return": 5.825093904822479,
        "mean_steps": 7.045,
        "success_rate": 1.0,
        "n_episodes": 200,
        "eval_seed": 20260512,
        "slip_prob": 0.1
      }
    },
    {
      "run_id": "20260514-175451-seed2",
      "run_dir": "data/training/qlearning/fixture_5x5_corridor/20260514-175451-seed2",
      "policy_path": "data/training/qlearning/fixture_5x5_corridor/20260514-175451-seed2/policy.npz",
      "seed": 2,
      "eval": {
        "mean_return": 1.4910000000000003,
        "std_return": 5.825093904822479,
        "mean_steps": 7.045,
        "success_rate": 1.0,
        "n_episodes": 200,
        "eval_seed": 20260512,
        "slip_prob": 0.1
      }
    },
    {
      "run_id": "20260514-175455-seed3",
      "run_dir": "data/training/qlearning/fixture_5x5_corridor/20260514-175455-seed3",
      "policy_path": "data/training/qlearning/fixture_5x5_corridor/20260514-175455-seed3/policy.npz",
      "seed": 3,
      "eval": {
        "mean_return": 1.4910000000000003,
        "std_return": 5.825093904822479,
        "mean_steps": 7.045,
        "success_rate": 1.0,
        "n_episodes": 200,
        "eval_seed": 20260512,
        "slip_prob": 0.1
      }
    },
    {
      "run_id": "20260514-175459-seed4",
      "run_dir": "data/training/qlearning/fixture_5x5_corridor/20260514-175459-seed4",
      "policy_path": "data/training/qlearning/fixture_5x5_corridor/20260514-175459-seed4/policy.npz",
      "seed": 4,
      "eval": {
        "mean_return": 1.4910000000000003,
        "std_return": 5.825093904822479,
        "mean_steps": 7.045,
        "success_rate": 1.0,
        "n_episodes": 200,
        "eval_seed": 20260512,
        "slip_prob": 0.1
      }
    }
  ]
}