{
  "algo": "sarsa",
  "maze": "fixture_7x7_loop",
  "selected": {
    "run_id": "20260514-173605-seed0",
    "run_dir": "data/training/sarsa/fixture_7x7_loop/20260514-173605-seed0",
    "policy_path": "data/training/sarsa/fixture_7x7_loop/20260514-173605-seed0/policy.npz",
    "seed": 0,
    "eval": {
      "mean_return": -7.7105,
      "std_return": 10.728053865916221,
      "mean_steps": 13.695,
      "success_rate": 1.0,
      "n_episodes": 200,
      "eval_seed": 20260512,
      "slip_prob": 0.1
    }
  },
  "all": [
    {
      "run_id": "20260514-173605-seed0",
      "run_dir": "data/training/sarsa/fixture_7x7_loop/20260514-173605-seed0",
      "policy_path": "data/training/sarsa/fixture_7x7_loop/20260514-173605-seed0/policy.npz",
      "seed": 0,
      "eval": {
        "mean_return": -7.7105,
        "std_return": 10.728053865916221,
        "mean_steps": 13.695,
        "success_rate": 1.0,
        "n_episodes": 200,
        "eval_seed": 20260512,
        "slip_prob": 0.1
      }
    },
    {
      "run_id": "20260514-174715-seed3",
      "run_dir": "data/training/sarsa/fixture_7x7_loop/20260514-174715-seed3",
      "policy_path": "data/training/sarsa/fixture_7x7_loop/20260514-174715-seed3/policy.npz",
      "seed": 3,
      "eval": {
        "mean_return": -41.56200000000013,
        "std_return": 285.36251620701796,
        "mean_steps": 41.81,
        "success_rate": 0.985,
        "n_episodes": 200,
        "eval_seed": 20260512,
        "slip_prob": 0.1
      }
    },
    {
      "run_id": "20260514-174333-seed2",
      "run_dir": "data/training/sarsa/fixture_7x7_loop/20260514-174333-seed2",
      "policy_path": "data/training/sarsa/fixture_7x7_loop/20260514-174333-seed2/policy.npz",
      "seed": 2,
      "eval": {
        "mean_return": -88.77400000000029,
        "std_return": 431.20892421655816,
        "mean_steps": 81.075,
        "success_rate": 0.965,
        "n_episodes": 200,
        "eval_seed": 20260512,
        "slip_prob": 0.1
      }
    },
    {
      "run_id": "20260514-173949-seed1",
      "run_dir": "data/training/sarsa/fixture_7x7_loop/20260514-173949-seed1",
      "policy_path": "data/training/sarsa/fixture_7x7_loop/20260514-173949-seed1/policy.npz",
      "seed": 1,
      "eval": {
        "mean_return": -111.99850000000039,
        "std_return": 486.33404502229916,
        "mean_steps": 100.36,
        "success_rate": 0.955,
        "n_episodes": 200,
        "eval_seed": 20260512,
        "slip_prob": 0.1
      }
    },
    {
      "run_id": "20260514-175059-seed4",
      "run_dir": "data/training/sarsa/fixture_7x7_loop/20260514-175059-seed4",
      "policy_path": "data/training/sarsa/fixture_7x7_loop/20260514-175059-seed4/policy.npz",
      "seed": 4,
      "eval": {
        "mean_return": -217.0475000000008,
        "std_return": 671.4816503775462,
        "mean_steps": 187.505,
        "success_rate": 0.91,
        "n_episodes": 200,
        "eval_seed": 20260512,
        "slip_prob": 0.1
      }
    }
  ]
}