{
  "algo": "qlearning",
  "maze": "fixture_3x3",
  "selected": {
    "run_id": "20260514-172926-seed1",
    "run_dir": "data/training/qlearning/fixture_3x3/20260514-172926-seed1",
    "policy_path": "data/training/qlearning/fixture_3x3/20260514-172926-seed1/policy.npz",
    "seed": 1,
    "eval": {
      "mean_return": -4.3020000000000005,
      "std_return": 3.2281877268833052,
      "mean_steps": 4.575,
      "success_rate": 1.0,
      "n_episodes": 200,
      "eval_seed": 20260512,
      "slip_prob": 0.1
    }
  },
  "all": [
    {
      "run_id": "20260514-172926-seed1",
      "run_dir": "data/training/qlearning/fixture_3x3/20260514-172926-seed1",
      "policy_path": "data/training/qlearning/fixture_3x3/20260514-172926-seed1/policy.npz",
      "seed": 1,
      "eval": {
        "mean_return": -4.3020000000000005,
        "std_return": 3.2281877268833052,
        "mean_steps": 4.575,
        "success_rate": 1.0,
        "n_episodes": 200,
        "eval_seed": 20260512,
        "slip_prob": 0.1
      }
    },
    {
      "run_id": "20260514-172928-seed4",
      "run_dir": "data/training/qlearning/fixture_3x3/20260514-172928-seed4",
      "policy_path": "data/training/qlearning/fixture_3x3/20260514-172928-seed4/policy.npz",
      "seed": 4,
      "eval": {
        "mean_return": -27.622999999999852,
        "std_return": 97.59986409314246,
        "mean_steps": 23.81,
        "success_rate": 0.945,
        "n_episodes": 200,
        "eval_seed": 20260512,
        "slip_prob": 0.1
      }
    },
    {
      "run_id": "20260514-172927-seed2",
      "run_dir": "data/training/qlearning/fixture_3x3/20260514-172927-seed2",
      "policy_path": "data/training/qlearning/fixture_3x3/20260514-172927-seed2/policy.npz",
      "seed": 2,
      "eval": {
        "mean_return": -27.638499999999848,
        "std_return": 97.5909282041619,
        "mean_steps": 23.865,
        "success_rate": 0.945,
        "n_episodes": 200,
        "eval_seed": 20260512,
        "slip_prob": 0.1
      }
    },
    {
      "run_id": "20260514-172926-seed0",
      "run_dir": "data/training/qlearning/fixture_3x3/20260514-172926-seed0",
      "policy_path": "data/training/qlearning/fixture_3x3/20260514-172926-seed0/policy.npz",
      "seed": 0,
      "eval": {
        "mean_return": -29.917499999999837,
        "std_return": 101.63555304985489,
        "mean_steps": 25.78,
        "success_rate": 0.94,
        "n_episodes": 200,
        "eval_seed": 20260512,
        "slip_prob": 0.1
      }
    },
    {
      "run_id": "20260514-172927-seed3",
      "run_dir": "data/training/qlearning/fixture_3x3/20260514-172927-seed3",
      "policy_path": "data/training/qlearning/fixture_3x3/20260514-172927-seed3/policy.npz",
      "seed": 3,
      "eval": {
        "mean_return": -61.643999999999636,
        "std_return": 146.3237122410436,
        "mean_steps": 52.08,
        "success_rate": 0.865,
        "n_episodes": 200,
        "eval_seed": 20260512,
        "slip_prob": 0.1
      }
    }
  ]
}