{
  "algo": "sarsa",
  "maze": "fixture_7x7_rooms",
  "selected": {
    "run_id": "20260517-001248-seed1",
    "run_dir": "data/training/sarsa/fixture_7x7_rooms/20260517-001248-seed1",
    "policy_path": "data/training/sarsa/fixture_7x7_rooms/20260517-001248-seed1/policy.npz",
    "seed": 1,
    "eval": {
      "mean_return": -9.051499999999999,
      "std_return": 9.851578439519223,
      "mean_steps": 14.975,
      "success_rate": 1.0,
      "n_episodes": 200,
      "eval_seed": 20260512,
      "slip_prob": 0.1
    }
  },
  "all": [
    {
      "run_id": "20260517-001248-seed1",
      "run_dir": "data/training/sarsa/fixture_7x7_rooms/20260517-001248-seed1",
      "policy_path": "data/training/sarsa/fixture_7x7_rooms/20260517-001248-seed1/policy.npz",
      "seed": 1,
      "eval": {
        "mean_return": -9.051499999999999,
        "std_return": 9.851578439519223,
        "mean_steps": 14.975,
        "success_rate": 1.0,
        "n_episodes": 200,
        "eval_seed": 20260512,
        "slip_prob": 0.1
      }
    },
    {
      "run_id": "20260517-002119-seed2",
      "run_dir": "data/training/sarsa/fixture_7x7_rooms/20260517-002119-seed2",
      "policy_path": "data/training/sarsa/fixture_7x7_rooms/20260517-002119-seed2/policy.npz",
      "seed": 2,
      "eval": {
        "mean_return": -9.051499999999999,
        "std_return": 9.851578439519223,
        "mean_steps": 14.975,
        "success_rate": 1.0,
        "n_episodes": 200,
        "eval_seed": 20260512,
        "slip_prob": 0.1
      }
    },
    {
      "run_id": "20260517-002544-seed3",
      "run_dir": "data/training/sarsa/fixture_7x7_rooms/20260517-002544-seed3",
      "policy_path": "data/training/sarsa/fixture_7x7_rooms/20260517-002544-seed3/policy.npz",
      "seed": 3,
      "eval": {
        "mean_return": -9.051499999999999,
        "std_return": 9.851578439519223,
        "mean_steps": 14.975,
        "success_rate": 1.0,
        "n_episodes": 200,
        "eval_seed": 20260512,
        "slip_prob": 0.1
      }
    },
    {
      "run_id": "20260517-000217-seed0",
      "run_dir": "data/training/sarsa/fixture_7x7_rooms/20260517-000217-seed0",
      "policy_path": "data/training/sarsa/fixture_7x7_rooms/20260517-000217-seed0/policy.npz",
      "seed": 0,
      "eval": {
        "mean_return": -9.175,
        "std_return": 9.936723554572705,
        "mean_steps": 15.06,
        "success_rate": 1.0,
        "n_episodes": 200,
        "eval_seed": 20260512,
        "slip_prob": 0.1
      }
    },
    {
      "run_id": "20260517-002958-seed4",
      "run_dir": "data/training/sarsa/fixture_7x7_rooms/20260517-002958-seed4",
      "policy_path": "data/training/sarsa/fixture_7x7_rooms/20260517-002958-seed4/policy.npz",
      "seed": 4,
      "eval": {
        "mean_return": -9.175,
        "std_return": 9.936723554572705,
        "mean_steps": 15.06,
        "success_rate": 1.0,
        "n_episodes": 200,
        "eval_seed": 20260512,
        "slip_prob": 0.1
      }
    }
  ]
}