{
  "algo": "sarsa",
  "maze": "fixture_7x7_loop",
  "selected": {
    "run_id": "20260514-184929-seed3",
    "run_dir": "data/training/sarsa/fixture_7x7_loop/20260514-184929-seed3",
    "policy_path": "data/training/sarsa/fixture_7x7_loop/20260514-184929-seed3/policy.npz",
    "seed": 3,
    "eval": {
      "mean_return": -30.865000000000087,
      "std_return": 233.54470958469688,
      "mean_steps": 32.87,
      "success_rate": 0.99,
      "n_episodes": 200,
      "eval_seed": 20260512,
      "slip_prob": 0.1
    }
  },
  "all": [
    {
      "run_id": "20260514-184929-seed3",
      "run_dir": "data/training/sarsa/fixture_7x7_loop/20260514-184929-seed3",
      "policy_path": "data/training/sarsa/fixture_7x7_loop/20260514-184929-seed3/policy.npz",
      "seed": 3,
      "eval": {
        "mean_return": -30.865000000000087,
        "std_return": 233.54470958469688,
        "mean_steps": 32.87,
        "success_rate": 0.99,
        "n_episodes": 200,
        "eval_seed": 20260512,
        "slip_prob": 0.1
      }
    },
    {
      "run_id": "20260514-185036-seed4",
      "run_dir": "data/training/sarsa/fixture_7x7_loop/20260514-185036-seed4",
      "policy_path": "data/training/sarsa/fixture_7x7_loop/20260514-185036-seed4/policy.npz",
      "seed": 4,
      "eval": {
        "mean_return": -87.9730000000003,
        "std_return": 431.3411051256318,
        "mean_steps": 80.315,
        "success_rate": 0.965,
        "n_episodes": 200,
        "eval_seed": 20260512,
        "slip_prob": 0.1
      }
    },
    {
      "run_id": "20260514-184614-seed0",
      "run_dir": "data/training/sarsa/fixture_7x7_loop/20260514-184614-seed0",
      "policy_path": "data/training/sarsa/fixture_7x7_loop/20260514-184614-seed0/policy.npz",
      "seed": 0,
      "eval": {
        "mean_return": -100.67700000000033,
        "std_return": 459.65884226347873,
        "mean_steps": 90.84,
        "success_rate": 0.96,
        "n_episodes": 200,
        "eval_seed": 20260512,
        "slip_prob": 0.1
      }
    },
    {
      "run_id": "20260514-184718-seed1",
      "run_dir": "data/training/sarsa/fixture_7x7_loop/20260514-184718-seed1",
      "policy_path": "data/training/sarsa/fixture_7x7_loop/20260514-184718-seed1/policy.npz",
      "seed": 1,
      "eval": {
        "mean_return": -123.80600000000042,
        "std_return": 511.284877992692,
        "mean_steps": 109.91,
        "success_rate": 0.95,
        "n_episodes": 200,
        "eval_seed": 20260512,
        "slip_prob": 0.1
      }
    },
    {
      "run_id": "20260514-184822-seed2",
      "run_dir": "data/training/sarsa/fixture_7x7_loop/20260514-184822-seed2",
      "policy_path": "data/training/sarsa/fixture_7x7_loop/20260514-184822-seed2/policy.npz",
      "seed": 2,
      "eval": {
        "mean_return": -135.15800000000047,
        "std_return": 534.9744989585972,
        "mean_steps": 119.64,
        "success_rate": 0.945,
        "n_episodes": 200,
        "eval_seed": 20260512,
        "slip_prob": 0.1
      }
    }
  ]
}