{
  "algo": "qlearning",
  "maze": "fixture_5x5_corridor",
  "selected": {
    "run_id": "20260514-172936-seed2",
    "run_dir": "data/training/qlearning/fixture_5x5_corridor/20260514-172936-seed2",
    "policy_path": "data/training/qlearning/fixture_5x5_corridor/20260514-172936-seed2/policy.npz",
    "seed": 2,
    "eval": {
      "mean_return": -38.56950000000057,
      "std_return": 186.06954457877117,
      "mean_steps": 32.015,
      "success_rate": 0.975,
      "n_episodes": 200,
      "eval_seed": 20260512,
      "slip_prob": 0.1
    }
  },
  "all": [
    {
      "run_id": "20260514-172936-seed2",
      "run_dir": "data/training/qlearning/fixture_5x5_corridor/20260514-172936-seed2",
      "policy_path": "data/training/qlearning/fixture_5x5_corridor/20260514-172936-seed2/policy.npz",
      "seed": 2,
      "eval": {
        "mean_return": -38.56950000000057,
        "std_return": 186.06954457877117,
        "mean_steps": 32.015,
        "success_rate": 0.975,
        "n_episodes": 200,
        "eval_seed": 20260512,
        "slip_prob": 0.1
      }
    },
    {
      "run_id": "20260514-172940-seed3",
      "run_dir": "data/training/qlearning/fixture_5x5_corridor/20260514-172940-seed3",
      "policy_path": "data/training/qlearning/fixture_5x5_corridor/20260514-172940-seed3/policy.npz",
      "seed": 3,
      "eval": {
        "mean_return": -38.60250000000057,
        "std_return": 186.07579999492492,
        "mean_steps": 31.95,
        "success_rate": 0.975,
        "n_episodes": 200,
        "eval_seed": 20260512,
        "slip_prob": 0.1
      }
    },
    {
      "run_id": "20260514-172944-seed4",
      "run_dir": "data/training/qlearning/fixture_5x5_corridor/20260514-172944-seed4",
      "policy_path": "data/training/qlearning/fixture_5x5_corridor/20260514-172944-seed4/policy.npz",
      "seed": 4,
      "eval": {
        "mean_return": -43.53500000000067,
        "std_return": 203.45466343881515,
        "mean_steps": 36.39,
        "success_rate": 0.97,
        "n_episodes": 200,
        "eval_seed": 20260512,
        "slip_prob": 0.1
      }
    },
    {
      "run_id": "20260514-172932-seed1",
      "run_dir": "data/training/qlearning/fixture_5x5_corridor/20260514-172932-seed1",
      "policy_path": "data/training/qlearning/fixture_5x5_corridor/20260514-172932-seed1/policy.npz",
      "seed": 1,
      "eval": {
        "mean_return": -80.43650000000135,
        "std_return": 282.92392425836493,
        "mean_steps": 66.86,
        "success_rate": 0.94,
        "n_episodes": 200,
        "eval_seed": 20260512,
        "slip_prob": 0.1
      }
    },
    {
      "run_id": "20260514-172928-seed0",
      "run_dir": "data/training/qlearning/fixture_5x5_corridor/20260514-172928-seed0",
      "policy_path": "data/training/qlearning/fixture_5x5_corridor/20260514-172928-seed0/policy.npz",
      "seed": 0,
      "eval": {
        "mean_return": -103.41800000000181,
        "std_return": 323.40904652777414,
        "mean_steps": 86.02,
        "success_rate": 0.92,
        "n_episodes": 200,
        "eval_seed": 20260512,
        "slip_prob": 0.1
      }
    }
  ]
}